<?xml version="1.0" encoding="UTF-8"?>
<project-private xmlns="http://www.netbeans.org/ns/project-private/1">
    <editor-bookmarks xmlns="http://www.netbeans.org/ns/editor-bookmarks/2" lastBookmarkId="0"/>
    <open-files xmlns="http://www.netbeans.org/ns/projectui-open-files/2">
        <group>
            <file>file:/D:/PROG5121_A1-PART1/src/prog5121_a1/part1/PROG5121_A1PART1.java</file>
            <file>file:/D:/PROG5121_A1-PART1/src/prog5121_a1/part1/VerifyUser.java</file>
        </group>
    </open-files>
</project-private>
